<addon id="plugin.video.resumewatcher" version="1.0.0" name="ResumeWatcher" provider-name="Your Name">
    <requires>
        <import addon="xbmc.python" version="3.0.0"/>
    </requires>
    <extension point="xbmc.python.pluginsource" library="default.py">
        <provides>video</provides>
    </extension>
    <extension point="xbmc.addon.metadata">
        <summary lang="en">An add-on that remembers where you are watching and allows you to resume from that point.</summary>
        <description lang="en">This add-on saves the playback position and allows you to resume from where you left off. It also provides a menu listing the most recent 10 watched items for quick access.</description>
        <language>en</language>
    </extension>
</addon>
